Fiscal_Year,Segment,Sales_Growth_Percent,Ecommerce_Growth_Percent,Ecommerce_Share_Percent
2024,Sams Club US,,,11.487717425358845
2025,Sams Club US,4.709964144397127,22.222222222222232,13.408985128216495
2026,Sams Club US,3.077417495955137,23.96694214876034,16.126431220770844
2024,Walmart International,,,21.632749190952627
2025,Walmart International,6.318856255615346,18.9516129032258,24.20314230627231
2026,Walmart International,7.004963695286537,21.355932203389827,27.449146239543637
2024,Walmart US,,,14.802508730990432
2025,Walmart US,4.662111236100008,21.25382262996942,17.149097672004583
2026,Walmart US,4.446222549009016,25.598991172761654,20.62218541332367
