Fiscal_Year,Segment,Net_Sales_Millions,Ecommerce_Sales_Millions,Net_Sales_Billions,Ecommerce_Sales_Billions,Ecommerce_Share_Percent,Sales_Growth_Percent,Ecommerce_Growth_Percent
2024,Sams Club US,86179,9900,86.179,9.9,11.487717425358845,,
2025,Sams Club US,90238,12100,90.238,12.1,13.408985128216495,4.709964144397127,22.222222222222232
2026,Sams Club US,93015,15000,93.015,15.0,16.126431220770844,3.077417495955137,23.96694214876034
2024,Walmart International,114641,24800,114.641,24.8,21.632749190952627,,
2025,Walmart International,121885,29500,121.885,29.5,24.20314230627231,6.318856255615346,18.9516129032258
2026,Walmart International,130423,35800,130.423,35.8,27.449146239543637,7.004963695286537,21.355932203389827
2024,Walmart US,441817,65400,441.817,65.4,14.802508730990432,,
2025,Walmart US,462415,79300,462.415,79.3,17.149097672004583,4.662111236100008,21.25382262996942
2026,Walmart US,482975,99600,482.975,99.6,20.62218541332367,4.446222549009016,25.598991172761654
